{
    "categories": [
        {
            "id": "roadway",
            "name": "Roadway Construction",
            "subcategories": [
                "Paving",
                "Grading",
                "Earthwork",
                "Drainage",
                "Traffic Control"
            ]
        },
        {
            "id": "bridge",
            "name": "Bridge & Structures",
            "subcategories": [
                "Bridge Construction",
                "Bridge Repair",
                "Structural Steel",
                "Concrete Structures",
                "Seismic Retrofit"
            ]
        },
        {
            "id": "electrical",
            "name": "Electrical & Lighting",
            "subcategories": [
                "Highway Lighting",
                "Traffic Signals",
                "Electrical Systems",
                "Solar Installation"
            ]
        },
        {
            "id": "landscaping",
            "name": "Landscaping & Environmental",
            "subcategories": [
                "Landscaping",
                "Erosion Control",
                "Environmental Mitigation",
                "Irrigation Systems"
            ]
        },
        {
            "id": "professional",
            "name": "Professional Services",
            "subcategories": [
                "Engineering Design",
                "Surveying",
                "Environmental Studies",
                "Project Management",
                "Construction Management",
                "Inspection Services"
            ]
        },
        {
            "id": "materials",
            "name": "Materials & Supplies",
            "subcategories": [
                "Asphalt",
                "Concrete",
                "Aggregates",
                "Steel",
                "Safety Equipment",
                "Traffic Control Devices"
            ]
        },
        {
            "id": "maintenance",
            "name": "Maintenance Services",
            "subcategories": [
                "Pavement Maintenance",
                "Vegetation Control",
                "Sweeping Services",
                "Snow Removal",
                "Emergency Response"
            ]
        },
        {
            "id": "specialty",
            "name": "Specialty Trades",
            "subcategories": [
                "Painting & Striping",
                "Fencing",
                "Signage",
                "Guardrail Installation",
                "Demolition"
            ]
        }
    ]
}