{
  "districts": [
    {
      "id": "d01",
      "name": "District 1 - Eureka",
      "region": "Northern California",
      "counties": ["Del Norte", "Humboldt", "Lake", "Mendocino"]
    },
    {
      "id": "d02",
      "name": "District 2 - Redding",
      "region": "Northern California",
      "counties": ["Lassen", "Modoc", "Plumas", "Shasta", "Siskiyou", "Tehama", "Trinity"]
    },
    {
      "id": "d03",
      "name": "District 3 - Marysville",
      "region": "Northern California",
      "counties": ["Butte", "Colusa", "El Dorado", "Glenn", "Nevada", "Placer", "Sacramento", "Sierra", "Sutter", "Yolo", "Yuba"]
    },
    {
      "id": "d04",
      "name": "District 4 - Oakland",
      "region": "Bay Area",
      "counties": ["Alameda", "Contra Costa", "Marin", "Napa", "San Francisco", "San Mateo", "Santa Clara", "Solano", "Sonoma"]
    },
    {
      "id": "d05",
      "name": "District 5 - San Luis Obispo",
      "region": "Central California",
      "counties": ["Monterey", "San Benito", "San Luis Obispo", "Santa Barbara", "Santa Cruz"]
    },
    {
      "id": "d06",
      "name": "District 6 - Fresno",
      "region": "Central California",
      "counties": ["Fresno", "Kings", "Madera", "Merced", "Tulare"]
    },
    {
      "id": "d07",
      "name": "District 7 - Los Angeles",
      "region": "Southern California",
      "counties": ["Los Angeles", "Ventura"]
    },
    {
      "id": "d08",
      "name": "District 8 - San Bernardino",
      "region": "Southern California",
      "counties": ["Riverside", "San Bernardino"]
    },
    {
      "id": "d09",
      "name": "District 9 - Bishop",
      "region": "Eastern California",
      "counties": ["Alpine", "Inyo", "Mono"]
    },
    {
      "id": "d10",
      "name": "District 10 - Stockton",
      "region": "Central California",
      "counties": ["Alpine", "Amador", "Calaveras", "Mariposa", "San Joaquin", "Stanislaus", "Tuolumne"]
    },
    {
      "id": "d11",
      "name": "District 11 - San Diego",
      "region": "Southern California",
      "counties": ["Imperial", "San Diego"]
    },
    {
      "id": "d12",
      "name": "District 12 - Orange County",
      "region": "Southern California",
      "counties": ["Orange"]
    }
  ]
}
